{"cameraMode":{"drawMode":0,"name":"Shaded","section":"Shading Mode"},"sceneLighting":false,"audioPlay":false,"sceneViewState":{"showFog":false,"showMaterialUpdate":false,"showSkybox":false,"showFlares":false,"showImageEffects":false,"showParticleSystems":true},"in2DMode":false,"pivot":{"x":0.9178927540779114,"y":-0.5102846026420593,"z":1.0607035160064698},"rotation":{"x":-0.647487461566925,"y":-0.012572425417602063,"z":0.010684548877179623,"w":-0.7618975043296814},"size":2.2463979721069338,"orthographic":false}